,EN / ROW FindaStockist,LINGERIE,SWIMWEAR,Lingerie and Swimwear Up to a KK cup,ADVICE,LIVE LIMITLESS,I'mlooking for O,Mean
EN / ROW FindaStockist,0.0,21.0,21.0,30.0,22.0,20.0,19.0,22.166666666666668
LINGERIE,21.0,0.0,7.0,35.0,7.0,10.0,16.0,16.0
SWIMWEAR,21.0,7.0,0.0,35.0,7.0,11.0,16.0,16.166666666666668
Lingerie and Swimwear Up to a KK cup,30.0,35.0,35.0,0.0,36.0,34.0,32.0,33.666666666666664
ADVICE,22.0,7.0,7.0,36.0,0.0,11.0,16.0,16.5
LIVE LIMITLESS,20.0,10.0,11.0,34.0,11.0,0.0,16.0,17.0
I'mlooking for O,19.0,16.0,16.0,32.0,16.0,16.0,0.0,19.166666666666668
