,EN / ROW FindaStockist,LINGERIE,SWIMWEAR,Lingerie and Swimwear Up to a KK cup,ADVICE,LIVE LIMITLESS,I'mlooking for O,Mean
EN / ROW FindaStockist,0.0,0.0,0.0,0.0,0.0,0.0,0.0,0.0
LINGERIE,0.0,1.0000001192092896,0.0,0.0,0.4279547333717346,0.0,0.0,0.07132578889528911
SWIMWEAR,0.0,0.0,0.0,0.0,0.0,0.0,0.0,0.0
Lingerie and Swimwear Up to a KK cup,0.0,0.0,0.0,0.0,0.0,0.0,0.0,0.0
ADVICE,0.0,0.4279547333717346,0.0,0.0,1.0000001192092896,0.0,0.0,0.07132578889528911
LIVE LIMITLESS,0.0,0.0,0.0,0.0,0.0,0.0,0.0,0.0
I'mlooking for O,0.0,0.0,0.0,0.0,0.0,0.0,0.0,0.0
