,D8,DELIMIRA,BESTSELLERSBRAS(,COLLECTION BUNDLENEWINFITGUIDEABOUT,Free Shipping For AllItems Now!,BRANDV,Q,0$0.00,Mean
D8,1.0000001192092896,0.0,0.0,0.0,0.0,0.0,0.1210528239607811,0.0,0.01729326056582587
DELIMIRA,0.0,0.0,0.0,0.0,0.0,0.0,0.0,0.0,0.0
BESTSELLERSBRAS(,0.0,0.0,0.0,0.0,0.0,0.0,0.0,0.0,0.0
COLLECTION BUNDLENEWINFITGUIDEABOUT,0.0,0.0,0.0,0.0,0.0,0.0,0.0,0.0,0.0
Free Shipping For AllItems Now!,0.0,0.0,0.0,0.0,0.0,0.0,0.0,0.0,0.0
BRANDV,0.0,0.0,0.0,0.0,0.0,0.0,0.0,0.0,0.0
Q,0.1210528239607811,0.0,0.0,0.0,0.0,0.0,1.0,0.0,0.01729326056582587
0$0.00,0.0,0.0,0.0,0.0,0.0,0.0,0.0,0.0,0.0
