,·English,Newln Shop By Designers Clothing Shoes Bags Jewelry & Watches Accessories Beauty Home &Gifts People & Planet Sale,NET-A-PORTER,QSearch,广,Mean
·English,0.0,747.9881349326338,745.0015100655837,1440.500347101659,1596.0000783208002,1132.3725176051692
Newln Shop By Designers Clothing Shoes Bags Jewelry & Watches Accessories Beauty Home &Gifts People & Planet Sale,747.9881349326338,0.0,56.00892785976178,696.7140733471658,851.7135668756251,588.1061757537966
NET-A-PORTER,745.0015100655837,56.00892785976178,0.0,695.500179726792,851.002350173018,586.8782419562889
QSearch,1440.500347101659,696.7140733471658,695.500179726792,0.0,155.50723455839602,747.0554586835033
广,1596.0000783208002,851.7135668756251,851.002350173018,155.50723455839602,0.0,863.5558074819598
