,About Us FAQ Size Guide Press Contact Rewards Mimi Muse,Shop,Matching Sets,Empress Mimi,Subscriptions ,Gifts SALE,UnitedStates(UsDS),Mean
About Us FAQ Size Guide Press Contact Rewards Mimi Muse,0.0,53.0,49.0,46.0,47.0,50.0,46.0,48.5
Shop,53.0,0.0,12.0,12.0,12.0,9.0,17.0,19.166666666666668
Matching Sets,49.0,12.0,0.0,12.0,12.0,11.0,16.0,18.666666666666668
Empress Mimi,46.0,12.0,12.0,0.0,13.0,10.0,16.0,18.166666666666668
Subscriptions ,47.0,12.0,12.0,13.0,0.0,13.0,16.0,18.833333333333332
Gifts SALE,50.0,9.0,11.0,10.0,13.0,0.0,15.0,18.0
UnitedStates(UsDS),46.0,17.0,16.0,16.0,16.0,15.0,0.0,21.0
