,About Us FAQ Size Guide Press Contact Rewards Mimi Muse,Shop,Matching Sets,Empress Mimi,Subscriptions ,Gifts SALE,UnitedStates(UsDS),Mean
About Us FAQ Size Guide Press Contact Rewards Mimi Muse,0.0,0.0,0.0,0.0,0.0,0.0,0.0,0.0
Shop,0.0,0.9999999403953552,0.0,0.0,0.0,0.0,0.0,0.0
Matching Sets,0.0,0.0,0.0,0.0,0.0,0.0,0.0,0.0
Empress Mimi,0.0,0.0,0.0,0.0,0.0,0.0,0.0,0.0
Subscriptions ,0.0,0.0,0.0,0.0,0.0,0.0,0.0,0.0
Gifts SALE,0.0,0.0,0.0,0.0,0.0,0.0,0.0,0.0
UnitedStates(UsDS),0.0,0.0,0.0,0.0,0.0,0.0,0.0,0.0
