, EN / ROW Find a Stockist,FANTASIE,LINGERIE,Lingerie & Swimwear up to JI Cup,SWIMWEAR,ADVICE,THE EDIT,I'm loolking for Q,Mean
 EN / ROW Find a Stockist,0.0,0.0,0.0,0.0,0.0,0.0,0.0,0.0,0.0
FANTASIE,0.0,0.0,0.0,0.0,0.0,0.0,0.0,0.0,0.0
LINGERIE,0.0,0.0,1.0000001192092896,0.0,0.0,0.4279547333717346,0.0,0.0,0.06113639048167637
Lingerie & Swimwear up to JI Cup,0.0,0.0,0.0,0.0,0.0,0.0,0.0,0.0,0.0
SWIMWEAR,0.0,0.0,0.0,0.0,0.0,0.0,0.0,0.0,0.0
ADVICE,0.0,0.0,0.4279547333717346,0.0,0.0,1.0000001192092896,0.0,0.0,0.06113639048167637
THE EDIT,0.0,0.0,0.0,0.0,0.0,0.0,0.0,0.0,0.0
I'm loolking for Q,0.0,0.0,0.0,0.0,0.0,0.0,0.0,0.0,0.0
