,|ENGLISH USD,NEW! BRAS PANTIES LINGERIE SLEEP SWIM SPORT&LOUNGE BEAUTY ACCESSORIES SALE GIFTS VSNOW,PINK,VICTORIA'SSECRET,$5OFFAPANTYPACK,Sign intoviewyourexclusiveoffer,DISMISS SIGN IN,8,口,Mean
|ENGLISH USD,0.0,0.0,0.0,0.0,0.0,0.0,0.0,0.0,0.0,0.0
NEW! BRAS PANTIES LINGERIE SLEEP SWIM SPORT&LOUNGE BEAUTY ACCESSORIES SALE GIFTS VSNOW,0.0,0.0,0.0,0.0,0.0,0.0,0.0,0.0,0.0,0.0
PINK,0.0,0.0,1.0,0.0,0.0,0.0,0.0,-0.056171901524066925,0.0,-0.007021487690508366
VICTORIA'SSECRET,0.0,0.0,0.0,0.0,0.0,0.0,0.0,0.0,0.0,0.0
$5OFFAPANTYPACK,0.0,0.0,0.0,0.0,0.0,0.0,0.0,0.0,0.0,0.0
Sign intoviewyourexclusiveoffer,0.0,0.0,0.0,0.0,0.0,0.0,0.0,0.0,0.0,0.0
DISMISS SIGN IN,0.0,0.0,0.0,0.0,0.0,0.0,0.0,0.0,0.0,0.0
8,0.0,0.0,-0.056171901524066925,0.0,0.0,0.0,0.0,0.9999999403953552,0.0,-0.007021487690508366
口,0.0,0.0,0.0,0.0,0.0,0.0,0.0,0.0,0.0,0.0
