,|ENGLISH USD,NEW! BRAS PANTIES LINGERIE SLEEP SWIM SPORT&LOUNGE BEAUTY ACCESSORIES SALE GIFTS VSNOW,PINK,VICTORIA'SSECRET,$5OFFAPANTYPACK,Sign intoviewyourexclusiveoffer,DISMISS SIGN IN,8,口,Mean
|ENGLISH USD,0.0,77.0,11.0,14.0,15.0,31.0,13.0,12.0,12.0,23.125
NEW! BRAS PANTIES LINGERIE SLEEP SWIM SPORT&LOUNGE BEAUTY ACCESSORIES SALE GIFTS VSNOW,77.0,0.0,83.0,76.0,78.0,84.0,75.0,86.0,86.0,80.625
PINK,11.0,83.0,0.0,15.0,12.0,31.0,13.0,4.0,4.0,21.625
VICTORIA'SSECRET,14.0,76.0,15.0,0.0,15.0,31.0,14.0,16.0,16.0,24.625
$5OFFAPANTYPACK,15.0,78.0,12.0,15.0,0.0,31.0,15.0,15.0,15.0,24.5
Sign intoviewyourexclusiveoffer,31.0,84.0,31.0,31.0,31.0,0.0,31.0,31.0,31.0,37.625
DISMISS SIGN IN,13.0,75.0,13.0,14.0,15.0,31.0,0.0,15.0,15.0,23.875
8,12.0,86.0,4.0,16.0,15.0,31.0,15.0,0.0,1.0,22.5
口,12.0,86.0,4.0,16.0,15.0,31.0,15.0,1.0,0.0,22.5
