,TOM FORD,NEVSLETTERSIGNUP>,WOMENMEN,BEAUTV,COMPLIMENTARY SHIPPING&RETURNSUSSHIPPING ONLYSTORE LOCATORLOGIN/REGISTERUS($)|SEARCH,EYEWEAR,WATCHES,COLLECTIONS,Q,Mean
TOM FORD,0.0,16.0,6.0,8.0,79.0,7.0,8.0,9.0,8.0,17.625
NEVSLETTERSIGNUP>,16.0,0.0,14.0,15.0,74.0,14.0,15.0,12.0,17.0,22.125
WOMENMEN,6.0,14.0,0.0,7.0,78.0,7.0,6.0,8.0,8.0,16.75
BEAUTV,8.0,15.0,7.0,0.0,80.0,6.0,7.0,10.0,6.0,17.375
COMPLIMENTARY SHIPPING&RETURNSUSSHIPPING ONLYSTORE LOCATORLOGIN/REGISTERUS($)|SEARCH,79.0,74.0,78.0,80.0,0.0,78.0,79.0,74.0,84.0,78.25
EYEWEAR,7.0,14.0,7.0,6.0,78.0,0.0,7.0,10.0,7.0,17.0
WATCHES,8.0,15.0,6.0,7.0,79.0,7.0,0.0,9.0,7.0,17.25
COLLECTIONS,9.0,12.0,8.0,10.0,74.0,10.0,9.0,0.0,11.0,17.875
Q,8.0,17.0,8.0,6.0,84.0,7.0,7.0,11.0,0.0,18.5
