,TOM FORD,NEVSLETTERSIGNUP>,WOMENMEN,BEAUTV,COMPLIMENTARY SHIPPING&RETURNSUSSHIPPING ONLYSTORE LOCATORLOGIN/REGISTERUS($)|SEARCH,EYEWEAR,WATCHES,COLLECTIONS,Q,Mean
TOM FORD,0.0,0.0,0.0,0.0,0.0,0.0,0.0,0.0,0.0,0.0
NEVSLETTERSIGNUP>,0.0,0.0,0.0,0.0,0.0,0.0,0.0,0.0,0.0,0.0
WOMENMEN,0.0,0.0,0.0,0.0,0.0,0.0,0.0,0.0,0.0,0.0
BEAUTV,0.0,0.0,0.0,0.0,0.0,0.0,0.0,0.0,0.0,0.0
COMPLIMENTARY SHIPPING&RETURNSUSSHIPPING ONLYSTORE LOCATORLOGIN/REGISTERUS($)|SEARCH,0.0,0.0,0.0,0.0,0.0,0.0,0.0,0.0,0.0,0.0
EYEWEAR,0.0,0.0,0.0,0.0,0.0,0.0,0.0,0.0,0.0,0.0
WATCHES,0.0,0.0,0.0,0.0,0.0,0.0,0.9999998211860657,0.6495322585105896,0.11754453927278519,0.09588459972292185
COLLECTIONS,0.0,0.0,0.0,0.0,0.0,0.0,0.6495322585105896,1.0000001192092896,0.10877267271280289,0.09478811640292406
Q,0.0,0.0,0.0,0.0,0.0,0.0,0.11754453927278519,0.10877267271280289,1.0,0.02828965149819851
